algorithm,inputType,size,timeNanos,timeMs,comparisons,maxDepth
MergeSort,random,1000,29480,0.029,10473,6
QuickSort,random,1000,55900,0.056,17035,5
DeterministicSelect,random,1000,24320,0.024,9076,9
MergeSort,random,10000,542140,0.542,127534,10
QuickSort,random,10000,608480,0.608,246164,8
DeterministicSelect,random,10000,284860,0.285,97238,12
MergeSort,random,100000,7043660,7.044,1639269,13
QuickSort,random,100000,7268580,7.269,3101092,10
DeterministicSelect,random,100000,2662460,2.662,993614,16
MergeSort,random,1000000,84721320,84.721,20224235,16
QuickSort,random,1000000,81039220,81.039,37465795,12
DeterministicSelect,random,1000000,28056640,28.057,10103703,19
ClosestPair,random,1000,911200,0.911,1141,9
ClosestPair,random,10000,12362140,12.362,12992,12
ClosestPair,random,50000,44964880,44.965,71071,15
ClosestPair,random,100000,79634240,79.634,142727,16
MergeSort,sorted,1000,10680,0.011,3956,6
QuickSort,sorted,1000,34980,0.035,17349,5
DeterministicSelect,sorted,1000,9720,0.010,6807,8
MergeSort,sorted,10000,184360,0.184,59248,10
QuickSort,sorted,10000,456980,0.457,233308,8
DeterministicSelect,sorted,10000,77580,0.078,72602,12
MergeSort,sorted,100000,2104400,2.104,744016,13
QuickSort,sorted,100000,4304520,4.305,3141539,9
DeterministicSelect,sorted,100000,789120,0.789,746071,16
MergeSort,sorted,1000000,23597780,23.598,8952320,16
QuickSort,sorted,1000000,48446320,48.446,39203044,12
DeterministicSelect,sorted,1000000,8054300,8.054,7562549,18
ClosestPair,sorted,1000,422560,0.423,1207,9
ClosestPair,sorted,10000,4960240,4.960,13261,12
ClosestPair,sorted,50000,26307560,26.308,71812,15
ClosestPair,sorted,100000,59891860,59.892,143663,16
MergeSort,reverse,1000,15040,0.015,10300,6
QuickSort,reverse,1000,34160,0.034,17091,5
DeterministicSelect,reverse,1000,11080,0.011,9071,8
MergeSort,reverse,10000,191000,0.191,93648,10
QuickSort,reverse,10000,417060,0.417,232850,8
DeterministicSelect,reverse,10000,94960,0.095,95059,12
MergeSort,reverse,100000,2348680,2.349,1208816,13
QuickSort,reverse,100000,4562500,4.563,3570619,9
DeterministicSelect,reverse,100000,942100,0.942,971132,16
MergeSort,reverse,1000000,27706160,27.706,15117824,16
QuickSort,reverse,1000000,50488740,50.489,40385984,12
DeterministicSelect,reverse,1000000,9409840,9.410,9812857,18
ClosestPair,reverse,1000,364300,0.364,1201,9
ClosestPair,reverse,10000,4419940,4.420,13254,12
ClosestPair,reverse,50000,23080320,23.080,71764,15
ClosestPair,reverse,100000,50841580,50.842,143526,16
MergeSort,duplicates,1000,19840,0.020,9682,6
QuickSort,duplicates,1000,12180,0.012,5073,1
DeterministicSelect,duplicates,1000,9120,0.009,3738,4
MergeSort,duplicates,10000,351400,0.351,121712,10
QuickSort,duplicates,10000,108220,0.108,53128,2
DeterministicSelect,duplicates,10000,144760,0.145,37264,5
MergeSort,duplicates,100000,3755380,3.755,1563025,13
QuickSort,duplicates,100000,1034280,1.034,499655,1
DeterministicSelect,duplicates,100000,2065520,2.066,681921,8
MergeSort,duplicates,1000000,41520260,41.520,19206009,16
QuickSort,duplicates,1000000,12185340,12.185,5200170,1
DeterministicSelect,duplicates,1000000,11578740,11.579,3824187,9
ClosestPair,duplicates,1000,993320,0.993,722,9
ClosestPair,duplicates,10000,6644480,6.644,8910,12
ClosestPair,duplicates,50000,29822020,29.822,52399,15
ClosestPair,duplicates,100000,58170560,58.171,104859,16
